type,id,bnf_code,nm
amp,3175711000001102,0302000C0AAAAAA,Beclometasone 50micrograms/dose inhaler (A A H Pharmaceuticals Ltd)
amp,3175911000001100,0302000C0AAAAAA,Beclometasone 50micrograms/dose inhaler (Mylan)
amp,3176711000001105,0302000C0AAAAAA,Beclometasone 50micrograms/dose inhaler (Kent Pharmaceuticals Ltd)
amp,3177111000001107,0302000C0AAAAAA,Beclometasone 50micrograms/dose inhaler (Alliance Healthcare (Distribution) Ltd)
amp,4773611000001100,0302000C0AAAAAA,Beclometasone 50micrograms/dose inhaler (Teva UK Ltd)
amp,11400011000001108,0302000C0AAAAAA,Beclometasone 50micrograms/dose inhaler (Almus Pharmaceuticals Ltd)
amp,17793411000001101,0302000C0AAAAAA,Beclometasone 50micrograms/dose inhaler (Phoenix Healthcare Distribution Ltd)
amp,3178211000001102,0302000C0AAABAB,Beclometasone 100micrograms/dose inhaler (A A H Pharmaceuticals Ltd)
amp,3178411000001103,0302000C0AAABAB,Beclometasone 100micrograms/dose inhaler (Mylan)
amp,3179011000001102,0302000C0AAABAB,Beclometasone 100micrograms/dose inhaler (Alliance Healthcare (Distribution) Ltd)
amp,4773811000001101,0302000C0AAABAB,Beclometasone 100micrograms/dose inhaler (Teva UK Ltd)
amp,7379111000001102,0302000C0AAABAB,Beclometasone 100micrograms/dose inhaler (Kent Pharmaceuticals Ltd)
amp,11400511000001100,0302000C0AAABAB,Beclometasone 100micrograms/dose inhaler (Almus Pharmaceuticals Ltd)
amp,17794111000001108,0302000C0AAABAB,Beclometasone 100micrograms/dose inhaler (Phoenix Healthcare Distribution Ltd)
amp,3179811000001108,0302000C0AAACAC,Beclometasone 250micrograms/dose inhaler (A A H Pharmaceuticals Ltd)
amp,3180011000001102,0302000C0AAACAC,Beclometasone 250micrograms/dose inhaler (Mylan)
amp,3180911000001103,0302000C0AAACAC,Beclometasone 250micrograms/dose inhaler (Alliance Healthcare (Distribution) Ltd)
amp,4774011000001109,0302000C0AAACAC,Beclometasone 250micrograms/dose inhaler (Teva UK Ltd)
amp,7379311000001100,0302000C0AAACAC,Beclometasone 250micrograms/dose inhaler (Kent Pharmaceuticals Ltd)
amp,11400811000001102,0302000C0AAACAC,Beclometasone 250micrograms/dose inhaler (Almus Pharmaceuticals Ltd)
amp,17833911000001100,0302000C0AAACAC,Beclometasone 250micrograms/dose inhaler (Phoenix Healthcare Distribution Ltd)
amp,4332611000001107,0302000C0AAARAR,Beclometasone 200micrograms/dose inhaler (A A H Pharmaceuticals Ltd)
amp,15052211000001104,0302000C0AAARAR,Beclometasone 200micrograms/dose inhaler (Sigma Pharmaceuticals Plc)
amp,3180211000001107,0302000C0BBAAAC,Becloforte 250micrograms/dose inhaler (GlaxoSmithKline UK Ltd)
amp,3103211000001103,0302000C0BBACAJ,Becloforte 400microgram disks with Diskhaler (GlaxoSmithKline UK Ltd)
amp,3105311000001107,0302000C0BBADAQ,Becloforte 400microgram disks (GlaxoSmithKline UK Ltd)
amp,3190311000001103,0302000C0BCACAE,Becotide 100microgram Rotacaps (GlaxoSmithKline UK Ltd)
amp,3192111000001101,0302000C0BCADAF,Becotide 200microgram Rotacaps (GlaxoSmithKline UK Ltd)
amp,3194011000001108,0302000C0BCAGAI,Becotide 400microgram Rotacaps (GlaxoSmithKline UK Ltd)
amp,3178611000001100,0302000C0BCAHAB,Becotide 100 inhaler (GlaxoSmithKline UK Ltd)
amp,3176211000001103,0302000C0BCAIAA,Becotide 50 inhaler (GlaxoSmithKline UK Ltd)
amp,3179311000001104,0302000C0BCAQAR,Becotide 200 inhaler (GlaxoSmithKline UK Ltd)
amp,3292811000001106,0302000C0BDAAAN,Ventide inhaler (GlaxoSmithKline UK Ltd)
amp,3202211000001107,0302000C0BDABAP,Ventide Rotacaps (GlaxoSmithKline UK Ltd)
amp,3200511000001109,0302000C0BDACBL,Ventide Paediatric Rotacaps (GlaxoSmithKline UK Ltd)
amp,3604911000001105,0302000C0BEAAAS,AeroBec 50 Autohaler (Meda Pharmaceuticals Ltd)
amp,3182411000001107,0302000C0BEABAU,AeroBec Forte 250 Autohaler (Meda Pharmaceuticals Ltd)
amp,3181411000001102,0302000C0BEACAT,AeroBec 100 Autohaler (Meda Pharmaceuticals Ltd)
amp,3176411000001104,0302000C0BFAAAA,Beclazone 50 inhaler (Teva UK Ltd)
amp,3178811000001101,0302000C0BFABAB,Beclazone 100 inhaler (Teva UK Ltd)
amp,3180611000001109,0302000C0BFACAC,Beclazone 250 inhaler (Teva UK Ltd)
amp,3604611000001104,0302000C0BFADAS,Beclazone 50 Easi-Breathe inhaler (Teva UK Ltd)
amp,3181711000001108,0302000C0BFAEAT,Beclazone 100 Easi-Breathe inhaler (Teva UK Ltd)
amp,3182611000001105,0302000C0BFAFAU,Beclazone 250 Easi-Breathe inhaler (Teva UK Ltd)
amp,3179511000001105,0302000C0BFAGAR,Beclazone 200 inhaler (Teva UK Ltd)
amp,3175211000001109,0302000C0BGAAAA,Filair 50 inhaler (Meda Pharmaceuticals Ltd)
amp,3177911000001105,0302000C0BGABAB,Filair 100 inhaler (Meda Pharmaceuticals Ltd)
amp,4753511000001101,0302000C0BGACAC,Filair Forte 250micrograms/dose inhaler (Meda Pharmaceuticals Ltd)
amp,3088611000001100,0302000C0BHAAAG,Becodisks 100microgram with Diskhaler (GlaxoSmithKline UK Ltd)
amp,3086011000001108,0302000C0BHABAL,Becodisks 100microgram (GlaxoSmithKline UK Ltd)
amp,3096011000001109,0302000C0BHACAH,Becodisks 200microgram with Diskhaler (GlaxoSmithKline UK Ltd)
amp,3099811000001109,0302000C0BHADAK,Becodisks 200microgram (GlaxoSmithKline UK Ltd)
amp,3102211000001109,0302000C0BHAEAJ,Becodisks 400microgram with Diskhaler (GlaxoSmithKline UK Ltd)
amp,3104911000001109,0302000C0BHAFAQ,Becodisks 400microgram (GlaxoSmithKline UK Ltd)
amp,3111911000001108,0302000C0BIADBI,Asmabec 50 Clickhaler (Focus Pharmaceuticals Ltd)
amp,3112511000001109,0302000C0BIAEBJ,Asmabec 100 Clickhaler (Focus Pharmaceuticals Ltd)
amp,3174111000001102,0302000C0BIAFBK,Asmabec 250 Clickhaler (Focus Pharmaceuticals Ltd)
amp,3176811000001102,0302000C0BJAABE,Qvar 50 inhaler (Teva UK Ltd)
amp,3175611000001106,0302000C0BJABBF,Qvar 100 inhaler (Teva UK Ltd)
amp,3177411000001102,0302000C0BJACBG,Qvar 50 Autohaler (Teva UK Ltd)
amp,3177711000001108,0302000C0BJADBH,Qvar 100 Autohaler (Teva UK Ltd)
amp,8159511000001107,0302000C0BJAEBG,Qvar 50micrograms/dose Easi-Breathe inhaler (Teva UK Ltd)
amp,8159711000001102,0302000C0BJAFBH,Qvar 100micrograms/dose Easi-Breathe inhaler (Teva UK Ltd)
amp,3113411000001101,0302000C0BLAABM,Pulvinal Beclometasone Dipropionate 200micrograms/dose dry powder inhaler (Chiesi Ltd)
amp,3112911000001102,0302000C0BLABBN,Pulvinal Beclometasone Dipropionate 100micrograms/dose dry powder inhaler (Chiesi Ltd)
amp,3175111000001103,0302000C0BLACBP,Pulvinal Beclometasone Dipropionate 400micrograms/dose dry powder inhaler (Chiesi Ltd)
amp,3189711000001107,0302000C0BMAAAE,Beclometasone 100 Cyclocaps (Teva UK Ltd)
amp,3192611000001109,0302000C0BMABAF,Beclometasone 200 Cyclocaps (Teva UK Ltd)
amp,3194511000001100,0302000C0BMACAI,Beclometasone 400 Cyclocaps (Teva UK Ltd)
amp,9525111000001105,0302000C0BNAABU,Easyhaler Beclometasone 200micrograms/dose dry powder inhaler (Orion Pharma (UK) Ltd)
amp,10617711000001103,0302000C0BPAABE,Clenil Modulite 50micrograms/dose inhaler (Chiesi Ltd)
amp,10618211000001109,0302000C0BPABBF,Clenil Modulite 100micrograms/dose inhaler (Chiesi Ltd)
amp,10619311000001107,0302000C0BPACBV,Clenil Modulite 200micrograms/dose inhaler (Chiesi Ltd)
amp,10619611000001102,0302000C0BPADBW,Clenil Modulite 250micrograms/dose inhaler (Chiesi Ltd)
amp,12906411000001100,0302000C0BQAABX,Fostair 100micrograms/dose / 6micrograms/dose inhaler (Chiesi Ltd)
amp,31063411000001101,0302000C0BQABBZ,Fostair 200micrograms/dose / 6micrograms/dose inhaler (Chiesi Ltd)
amp,26112111000001106,0302000C0BRAABY,Fostair NEXThaler 100micrograms/dose / 6micrograms/dose dry powder inhaler (Chiesi Ltd)
amp,31063111000001106,0302000C0BRABCA,Fostair NEXThaler 200micrograms/dose / 6micrograms/dose dry powder inhaler (Chiesi Ltd)
amp,35430111000001100,0302000C0BSAABE,Kelhale 50micrograms/dose inhaler (Cipla EU Ltd)
amp,35430311000001103,0302000C0BSABBF,Kelhale 100micrograms/dose inhaler (Cipla EU Ltd)
amp,36603211000001106,0302000C0BTAABE,Soprobec 50micrograms/dose inhaler (Glenmark Pharmaceuticals Europe Ltd)
amp,36603411000001105,0302000C0BTABBV,Soprobec 200micrograms/dose inhaler (Glenmark Pharmaceuticals Europe Ltd)
amp,36603611000001108,0302000C0BTACBF,Soprobec 100micrograms/dose inhaler (Glenmark Pharmaceuticals Europe Ltd)
amp,36603811000001107,0302000C0BTADBW,Soprobec 250micrograms/dose inhaler (Glenmark Pharmaceuticals Europe Ltd)
amp,2924111000001109,0302000K0BBADAD,Pulmicort 200micrograms/dose inhaler (AstraZeneca UK Ltd)
amp,3240911000001108,0302000K0BBAEAA,Pulmicort LS 50micrograms/dose inhaler (AstraZeneca UK Ltd)
amp,3112411000001105,0302000K0BBAHAG,Pulmicort 200 Turbohaler (AstraZeneca UK Ltd)
amp,3228711000001106,0302000K0BBAIAH,Pulmicort 400 Turbohaler (AstraZeneca UK Ltd)
amp,3113111000001106,0302000K0BBAKAK,Pulmicort 100 Turbohaler (AstraZeneca UK Ltd)
amp,4860811000001104,0302000K0BBALAT,Pulmicort 200micrograms/dose inhaler with Nebuchamber (AstraZeneca UK Ltd)
amp,14951111000001102,0302000K0BBAMAZ,Pulmicort 100micrograms/dose inhaler CFC free (AstraZeneca UK Ltd)
amp,15358411000001102,0302000K0BBANBA,Pulmicort 200micrograms/dose inhaler CFC free (AstraZeneca UK Ltd)
amp,3294211000001101,0302000K0BDAAAL,Symbicort 100/6 Turbohaler (AstraZeneca UK Ltd)
amp,3294611000001104,0302000K0BDABAM,Symbicort 200/6 Turbohaler (AstraZeneca UK Ltd)
amp,4373811000001100,0302000K0BDACAU,Symbicort 400/12 Turbohaler (AstraZeneca UK Ltd)
amp,32926011000001100,0302000K0BDADBB,Symbicort 200micrograms/dose / 6micrograms/dose pressurised inhaler (AstraZeneca UK Ltd)
amp,3197211000001105,0302000K0BEAAAR,Budesonide 200 Cyclocaps (Teva UK Ltd)
amp,3198411000001108,0302000K0BEABAS,Budesonide 400 Cyclocaps (Teva UK Ltd)
amp,8031811000001102,0302000K0BFAAAV,Budelin Novolizer 200micrograms/dose inhalation powder (Mylan)
amp,9111811000001100,0302000K0BFABAC,Budelin Novolizer 200micrograms/dose inhalation powder refill (Mylan)
amp,10073911000001106,0302000K0BGAAAK,Easyhaler Budesonide 100micrograms/dose dry powder inhaler (Orion Pharma (UK) Ltd)
amp,10074611000001102,0302000K0BGABAX,Easyhaler Budesonide 200micrograms/dose dry powder inhaler (Orion Pharma (UK) Ltd)
amp,10074411000001100,0302000K0BGACAY,Easyhaler Budesonide 400micrograms/dose dry powder inhaler (Orion Pharma (UK) Ltd)
amp,25254111000001105,0302000K0BHAAAM,DuoResp Spiromax 160micrograms/dose / 4.5micrograms/dose dry powder inhaler (Teva UK Ltd)
amp,25254711000001106,0302000K0BHABAU,DuoResp Spiromax 320micrograms/dose / 9micrograms/dose dry powder inhaler (Teva UK Ltd)
amp,34812111000001106,0302000K0BIAAAU,Fobumix Easyhaler 320micrograms/dose / 9micrograms/dose dry powder inhaler (Orion Pharma (UK) Ltd)
amp,34950311000001108,0302000K0BIABBC,Fobumix Easyhaler 160micrograms/dose / 4.5micrograms/dose dry powder inhaler (Orion Pharma (UK) Ltd)
amp,34950611000001103,0302000K0BIADAL,Fobumix Easyhaler 80micrograms/dose / 4.5micrograms/dose dry powder inhaler (Orion Pharma (UK) Ltd)
amp,31064811000001101,0302000N0AAAZAZ,Fluticasone propionate 500micrograms/dose / Salmeterol 50micrograms/dose dry powder inhaler (A A H Pharmaceuticals Ltd)
amp,3097711000001109,0302000N0BBAAAA,Flixotide 50microgram disks with Diskhaler (GlaxoSmithKline UK Ltd)
amp,3100811000001109,0302000N0BBABAB,Flixotide 50microgram disks (GlaxoSmithKline UK Ltd)
amp,3098611000001101,0302000N0BBACAC,Flixotide 100microgram disks with Diskhaler (GlaxoSmithKline UK Ltd)
amp,3099611000001105,0302000N0BBADAD,Flixotide 100microgram disks (GlaxoSmithKline UK Ltd)
amp,3106311000001102,0302000N0BBAEAE,Flixotide 250microgram disks with Diskhaler (GlaxoSmithKline UK Ltd)
amp,3103511000001100,0302000N0BBAFAF,Flixotide 250microgram disks (GlaxoSmithKline UK Ltd)
amp,4856011000001103,0302000N0BBAGAG,Flixotide 25micrograms/dose inhaler (GlaxoSmithKline UK Ltd)
amp,3108411000001105,0302000N0BBAPAP,Flixotide 500microgram disks with Diskhaler (GlaxoSmithKline UK Ltd)
amp,3110511000001108,0302000N0BBAQAQ,Flixotide 500microgram disks (GlaxoSmithKline UK Ltd)
amp,3183811000001101,0302000N0BBARAR,Flixotide 50micrograms/dose Accuhaler (GlaxoSmithKline UK Ltd)
amp,3184311000001107,0302000N0BBASAS,Flixotide 100micrograms/dose Accuhaler (GlaxoSmithKline UK Ltd)
amp,3184911000001108,0302000N0BBATAT,Flixotide 250micrograms/dose Accuhaler (GlaxoSmithKline UK Ltd)
amp,3185211000001103,0302000N0BBAUAU,Flixotide 500micrograms/dose Accuhaler (GlaxoSmithKline UK Ltd)
amp,398511000001105,0302000N0BBAYBB,Flixotide 125micrograms/dose Evohaler (GlaxoSmithKline UK Ltd)
amp,2831211000001109,0302000N0BBBABD,Flixotide 250micrograms/dose Evohaler (GlaxoSmithKline UK Ltd)
amp,726611000001102,0302000N0BBBBBH,Flixotide 50micrograms/dose Evohaler (GlaxoSmithKline UK Ltd)
amp,3186911000001100,0302000N0BCAAAX,Seretide 100 Accuhaler (GlaxoSmithKline UK Ltd)
amp,3187211000001106,0302000N0BCABAY,Seretide 250 Accuhaler (GlaxoSmithKline UK Ltd)
amp,3188311000001102,0302000N0BCACAZ,Seretide 500 Accuhaler (GlaxoSmithKline UK Ltd)
amp,453611000001102,0302000N0BCADBE,Seretide 50 Evohaler (GlaxoSmithKline UK Ltd)
amp,810211000001105,0302000N0BCAEBF,Seretide 125 Evohaler (GlaxoSmithKline UK Ltd)
amp,539811000001106,0302000N0BCAFBG,Seretide 250 Evohaler (GlaxoSmithKline UK Ltd)
amp,21019411000001101,0302000N0BDAABJ,Flutiform 125micrograms/dose / 5micrograms/dose inhaler (Napp Pharmaceuticals Ltd)
amp,21019711000001107,0302000N0BDABBK,Flutiform 250micrograms/dose / 10micrograms/dose inhaler (Napp Pharmaceuticals Ltd)
amp,21020611000001104,0302000N0BDACBL,Flutiform 50micrograms/dose / 5micrograms/dose inhaler (Napp Pharmaceuticals Ltd)
amp,35647311000001101,0302000N0BDADBP,Flutiform K-haler 125micrograms/dose / 5micrograms/dose breath actuated inhaler (Napp Pharmaceuticals Ltd)
amp,35650811000001109,0302000N0BDAEBQ,Flutiform K-haler 50micrograms/dose / 5micrograms/dose breath actuated inhaler (Napp Pharmaceuticals Ltd)
amp,29782111000001107,0302000N0BFAABF,Sirdupla 25micrograms/dose / 125micrograms/dose inhaler (Mylan)
amp,29782511000001103,0302000N0BFABBG,Sirdupla 25micrograms/dose / 250micrograms/dose inhaler (Mylan)
amp,30950311000001106,0302000N0BGAAAZ,AirFluSal Forspiro 50micrograms/dose / 500micrograms/dose dry powder inhaler (Sandoz Ltd)
amp,34215311000001107,0302000N0BGABBF,AirFluSal 25micrograms/dose / 125micrograms/dose inhaler (Sandoz Ltd)
amp,34215511000001101,0302000N0BGACBG,AirFluSal 25micrograms/dose / 250micrograms/dose inhaler (Sandoz Ltd)
amp,33679711000001103,0302000N0BHAAAZ,Aerivio Spiromax 50micrograms/dose / 500micrograms/dose dry powder inhaler (Teva UK Ltd)
amp,34023611000001101,0302000N0BIAABF,Sereflo 25micrograms/dose / 125micrograms/dose inhaler (Cipla EU Ltd)
amp,34023811000001102,0302000N0BIABBG,Sereflo 25micrograms/dose / 250micrograms/dose inhaler (Cipla EU Ltd)
amp,34677011000001107,0302000N0BJAABF,Aloflute 25micrograms/dose / 125micrograms/dose inhaler (Mylan)
amp,34675711000001103,0302000N0BJABBG,Aloflute 25micrograms/dose / 250micrograms/dose inhaler (Mylan)
amp,35515511000001100,0302000N0BKAAAY,Fusacomb Easyhaler 50micrograms/dose / 250micrograms/dose dry powder inhaler (Orion Pharma (UK) Ltd)
amp,35515311000001106,0302000N0BKABAZ,Fusacomb Easyhaler 50micrograms/dose / 500micrograms/dose dry powder inhaler (Orion Pharma (UK) Ltd)
amp,35594011000001105,0302000N0BLAABE,Combisal 25micrograms/dose / 50micrograms/dose inhaler (Aspire Pharma Ltd)
amp,35594211000001100,0302000N0BLABBF,Combisal 25micrograms/dose / 125micrograms/dose inhaler (Aspire Pharma Ltd)
amp,35594411000001101,0302000N0BLACBG,Combisal 25micrograms/dose / 250micrograms/dose inhaler (Aspire Pharma Ltd)
amp,36604711000001102,0302000N0BMAAAZ,Stalpex 50micrograms/dose / 500micrograms/dose dry powder inhaler (Glenmark Pharmaceuticals Europe Ltd)
amp,23621711000001102,0302000V0BBAAAA,Relvar Ellipta 184micrograms/dose / 22micrograms/dose dry powder inhaler (GlaxoSmithKline UK Ltd)
amp,23622011000001107,0302000V0BBABAB,Relvar Ellipta 92micrograms/dose / 22micrograms/dose dry powder inhaler (GlaxoSmithKline UK Ltd)
amp,34952211000001104,0302000V0BCAAA0,Trelegy Ellipta 92micrograms/dose / 55micrograms/dose / 22micrograms/dose dry powder inhaler (GlaxoSmithKline UK Ltd)
vmp,35909511000001107,0302000C0AAAAAA,Beclometasone 50micrograms/dose inhaler
vmp,320537007,0302000C0AAABAB,Beclometasone 100micrograms/dose inhaler
vmp,35908811000001103,0302000C0AAACAC,Beclometasone 250micrograms/dose inhaler
vmp,320534000,0302000C0AAAEAE,Beclometasone 100microgram inhalation powder capsules
vmp,320535004,0302000C0AAAFAF,Beclometasone 200microgram inhalation powder capsules
vmp,35907711000001105,0302000C0AAAGAG,Beclometasone 100microgram inhalation powder blisters with device
vmp,35908311000001107,0302000C0AAAHAH,Beclometasone 200microgram inhalation powder blisters with device
vmp,320520000,0302000C0AAAIAI,Beclometasone 400microgram inhalation powder capsules
vmp,35909011000001104,0302000C0AAAJAJ,Beclometasone 400microgram inhalation powder blisters with device
vmp,35908211000001104,0302000C0AAAKAK,Beclometasone 200microgram inhalation powder blisters
vmp,35907611000001101,0302000C0AAALAL,Beclometasone 100microgram inhalation powder blisters
vmp,35936211000001105,0302000C0AAANAN,Salbutamol 100micrograms/dose / Beclometasone 50micrograms/dose inhaler
vmp,320543009,0302000C0AAAPAP,Salbutamol 400microgram / Beclometasone 200microgram inhalation powder capsules
vmp,35908911000001108,0302000C0AAAQAQ,Beclometasone 400microgram inhalation powder blisters
vmp,35908511000001101,0302000C0AAARAR,Beclometasone 200micrograms/dose inhaler
vmp,35909211000001109,0302000C0AAASAS,Beclometasone 50micrograms/dose breath actuated inhaler
vmp,35907811000001102,0302000C0AAATAT,Beclometasone 100micrograms/dose breath actuated inhaler
vmp,35908611000001102,0302000C0AAAUAU,Beclometasone 250micrograms/dose breath actuated inhaler
vmp,35909611000001106,0302000C0AABEBE,Beclometasone 50micrograms/dose inhaler CFC free
vmp,35908111000001105,0302000C0AABFBF,Beclometasone 100micrograms/dose inhaler CFC free
vmp,35909311000001101,0302000C0AABGBG,Beclometasone 50micrograms/dose breath actuated inhaler CFC free
vmp,35907911000001107,0302000C0AABHBH,Beclometasone 100micrograms/dose breath actuated inhaler CFC free
vmp,35909411000001108,0302000C0AABIBI,Beclometasone 50micrograms/dose dry powder inhaler
vmp,35908011000001109,0302000C0AABJBJ,Beclometasone 100micrograms/dose dry powder inhaler
vmp,35908711000001106,0302000C0AABKBK,Beclometasone 250micrograms/dose dry powder inhaler
vmp,35369511000001103,0302000C0AABLBL,Salbutamol 200microgram / Beclometasone 100microgram inhalation powder capsules
vmp,35909111000001103,0302000C0AABSBS,Beclometasone 400micrograms/dose dry powder inhaler
vmp,35908411000001100,0302000C0AABUBU,Beclometasone 200micrograms/dose dry powder inhaler
vmp,10621011000001101,0302000C0AABVBV,Beclometasone 200micrograms/dose inhaler CFC free
vmp,10621111000001100,0302000C0AABWBW,Beclometasone 250micrograms/dose inhaler CFC free
vmp,12911011000001100,0302000C0AABXBX,Beclometasone 100micrograms/dose / Formoterol 6micrograms/dose inhaler CFC free
vmp,26148711000001101,0302000C0AABYBY,Beclometasone 100micrograms/dose / Formoterol 6micrograms/dose dry powder inhaler
vmp,31087411000001106,0302000C0AABZBZ,Beclometasone 200micrograms/dose / Formoterol 6micrograms/dose inhaler CFC free
vmp,31087511000001105,0302000C0AACACA,Beclometasone 200micrograms/dose / Formoterol 6micrograms/dose dry powder inhaler
vmp,35912811000001103,0302000K0AAAAAA,Budesonide 50micrograms/dose inhaler
vmp,35912511000001101,0302000K0AAADAD,Budesonide 200micrograms/dose inhaler
vmp,35912411000001100,0302000K0AAAGAG,Budesonide 200micrograms/dose dry powder inhaler
vmp,35912711000001106,0302000K0AAAHAH,Budesonide 400micrograms/dose dry powder inhaler
vmp,35912111000001105,0302000K0AAAKAK,Budesonide 100micrograms/dose dry powder inhaler
vmp,35912011000001109,0302000K0AAALAL,Budesonide 100micrograms/dose / Formoterol 6micrograms/dose dry powder inhaler
vmp,134498003,0302000K0AAAMAM,Budesonide 200micrograms/dose / Formoterol 6micrograms/dose dry powder inhaler
vmp,3432911000001109,0302000K0AAARAR,Budesonide 200microgram inhalation powder capsules
vmp,3433011000001101,0302000K0AAASAS,Budesonide 400microgram inhalation powder capsules
vmp,4864911000001104,0302000K0AAATAT,Budesonide 200micrograms/dose inhaler with spacer
vmp,4378111000001103,0302000K0AAAUAU,Budesonide 400micrograms/dose / Formoterol 12micrograms/dose dry powder inhaler
vmp,8024611000001102,0302000K0AAAVAV,Budesonide 200micrograms/dose dry powder inhalation cartridge with device
vmp,9117811000001107,0302000K0AAAWAW,Budesonide 200micrograms/dose dry powder inhalation cartridge
vmp,14959511000001107,0302000K0AAAZAZ,Budesonide 100micrograms/dose inhaler CFC free
vmp,15374611000001106,0302000K0AABABA,Budesonide 200micrograms/dose inhaler CFC free
vmp,32960711000001105,0302000K0AABBBB,Budesonide 200micrograms/dose / Formoterol 6micrograms/dose inhaler CFC free
vmp,36059911000001104,0302000N0AAAAAA,Fluticasone propionate 50microgram inhalation powder blisters with device
vmp,36059811000001109,0302000N0AAABAB,Fluticasone propionate 50microgram inhalation powder blisters
vmp,36059311000001100,0302000N0AAACAC,Fluticasone propionate 100microgram inhalation powder blisters with device
vmp,36059211000001108,0302000N0AAADAD,Fluticasone propionate 100microgram inhalation powder blisters
vmp,36059411000001107,0302000N0AAAEAE,Fluticasone propionate 250microgram inhalation powder blisters with device
vmp,36059511000001106,0302000N0AAAFAF,Fluticasone propionate 250microgram inhalation powder blisters
vmp,36059111000001102,0302000N0AAAGAG,Fluticasone 25micrograms/dose inhaler
vmp,36059711000001101,0302000N0AAAPAP,Fluticasone propionate 500microgram inhalation powder blisters with device
vmp,36059611000001105,0302000N0AAAQAQ,Fluticasone propionate 500microgram inhalation powder blisters
vmp,320602002,0302000N0AAARAR,Fluticasone propionate 50micrograms/dose dry powder inhaler
vmp,320603007,0302000N0AAASAS,Fluticasone propionate 100micrograms/dose dry powder inhaler
vmp,36565411000001101,0302000N0AAATAT,Fluticasone propionate 250micrograms/dose dry powder inhaler
vmp,320605000,0302000N0AAAUAU,Fluticasone propionate 500micrograms/dose dry powder inhaler
vmp,320277000,0302000N0AAAXAX,Fluticasone propionate 100micrograms/dose / Salmeterol 50micrograms/dose dry powder inhaler
vmp,320279002,0302000N0AAAYAY,Fluticasone propionate 250micrograms/dose / Salmeterol 50micrograms/dose dry powder inhaler
vmp,320280004,0302000N0AAAZAZ,Fluticasone propionate 500micrograms/dose / Salmeterol 50micrograms/dose dry powder inhaler
vmp,320614005,0302000N0AABABA,Fluticasone 125micrograms/dose inhaler CFC free
vmp,320615006,0302000N0AABCBC,Fluticasone 250micrograms/dose inhaler CFC free
vmp,320274007,0302000N0AABEBE,Fluticasone 50micrograms/dose / Salmeterol 25micrograms/dose inhaler CFC free
vmp,320275008,0302000N0AABFBF,Fluticasone 125micrograms/dose / Salmeterol 25micrograms/dose inhaler CFC free
vmp,320276009,0302000N0AABGBG,Fluticasone 250micrograms/dose / Salmeterol 25micrograms/dose inhaler CFC free
vmp,320618008,0302000N0AABHBH,Fluticasone 50micrograms/dose inhaler CFC free
vmp,21113711000001102,0302000N0AABJBJ,Fluticasone 125micrograms/dose / Formoterol 5micrograms/dose inhaler CFC free
vmp,21113811000001105,0302000N0AABKBK,Fluticasone 250micrograms/dose / Formoterol 10micrograms/dose inhaler CFC free
vmp,21113911000001100,0302000N0AABLBL,Fluticasone 50micrograms/dose / Formoterol 5micrograms/dose inhaler CFC free
vmp,35647511000001107,0302000N0AABPBP,Fluticasone 125micrograms/dose / Formoterol 5micrograms/dose breath actuated inhaler CFC free
vmp,35647611000001106,0302000N0AABQBQ,Fluticasone 50micrograms/dose / Formoterol 5micrograms/dose breath actuated inhaler CFC free
vmp,23661311000001105,0302000V0AAAAAA,Fluticasone furoate 184micrograms/dose / Vilanterol 22micrograms/dose dry powder inhaler
vmp,23661411000001103,0302000V0AAABAB,Fluticasone furoate 92micrograms/dose / Vilanterol 22micrograms/dose dry powder inhaler
vmp,34955111000001103,0302000V0BCAAA0,Generic Trelegy Ellipta 92micrograms/dose / 55micrograms/dose / 22micrograms/dose dry powder inhaler
